PPN,~
Zarel,~
Aslan,@
wolf,~
IrÃƒÆ’Ã‚Â­s,@
ThÃƒÆ’Ã‚Â¡rja,@
Winry,+
Livewire,~
Abnegation,+
Altairis,+
skylight,+
Captain Syrup,@
Audy,~
Sotomura,~
Kjelle,@
Sotomura606,~
Hiroshi Sotomura,~
Nabooru,@
Antemortem,+
synerjee,@
SynÐµrjÐµÐµ,@
sŧranger,+
AdrastÃƒÂÃ‚ÂµiÃƒÂÃ‚Â°,@
NatalÃƒâ€˜Ã†â€™a,@
Aura Blackquill,@
Martin Truex Jr.,+
omicronhuh,@
Alto Mare,@
Zeffy,~
nÃ‘Æ’mph,@
Miss Fortune,@
MÃ‘â€“nÃÂµrva,+
Autumn Reveriе,@
Cirnysheep,~
omicrοn,@
Sweep,@
Kyle Larson,+
Sanguine,@
Mitsuruu,@
Skіpper,+
Eï½˜i l e,+
Aurora XD,+
Pеithаrchiа,@
PokeCommBot,@
Axeliirа,+
Dеnny Hamlin,+
Powalen,+
Nakasu,+
Pоwalеn,@
rɑzor leaf,~
Mєgido,@
Dragii,@
gloom,@
lukey,+
rÐµvere,+
thoughts,+
LoriÐ°nne,+
Christοs,@
Cаѕtfоrm,~
Erika Senpai,@
Hannu Mikkola,+
archer99,+
Crazy Uncle Anti,+
oocyst,+
Nolafus,~
Aurora,@
air tangela,@
seekeɼ,+
orb cаstform,@
rabinov,+
orb castform,@
orb cаѕtform,@
Exilym,+
Stеrlіng,+
Sylphiel,~
bellоssоm,@
unkempt harold,~
Cһаse,~
Papa Anti,+
shaymin,+
Cаstfоrm,~
Arĉhy,+
LORD ANTE,+
Chaѕеfоrm,~
Mеgаnium,+
crustaceans,+
Mеga Lopսnnу,~
Fierceful,+
lоpսnnу,~
Rainbow Arcanine,@
Wizard of Judaism,~
Stella Carlin,~
stеlla сarlіn,~
TΟP PΕRCENTAGE,@
flying,+
HungLikeACastform,~
Lost Heart,★
Bacteriophage T4,★
Aсhrоmаtic,+
Syndrome,+
Team Bidoof,+
